COUNTY,SPECIALITY,Id,ORGANIZATION,NAME,GENDER,ADDRESS,CITY,STATE,ZIP,LAT,LON,UTILIZATION
Barnstable County,GENERAL PRACTICE,75,75,75,75,75,75,75,75,75,75,75
Barnstable County,PODIATRY,24,24,24,24,24,24,24,24,24,24,24
Barnstable County,CLINICAL SOCIAL WORKER,19,19,19,19,19,19,19,19,19,19,19
Barnstable County,NURSE PRACTITIONER,16,16,16,16,16,16,16,16,16,16,16
Barnstable County,CHIROPRACTIC,15,15,15,15,15,15,15,15,15,15,15
Barnstable County,INTERNAL MEDICINE,13,13,13,13,13,13,13,13,13,13,13
Barnstable County,OPTOMETRY,10,10,10,10,10,10,10,10,10,10,10
Barnstable County,PHYSICIAN ASSISTANT,6,6,6,6,6,6,6,6,6,6,6
Barnstable County,OBSTETRICS/GYNECOLOGY,4,4,4,4,4,4,4,4,4,4,4
Barnstable County,CERTIFIED NURSE MIDWIFE,2,2,2,2,2,2,2,2,2,2,2
Barnstable County,FAMILY PRACTICE,2,2,2,2,2,2,2,2,2,2,2
Barnstable County,EMERGENCY MEDICINE,2,2,2,2,2,2,2,2,2,2,2
Barnstable County,CLINICAL PSYCHOLOGIST,2,2,2,2,2,2,2,2,2,2,2
Barnstable County,CLINICAL NURSE SPECIALIST,2,2,2,2,2,2,2,2,2,2,2
Barnstable County,CARDIOVASCULAR DISEASE (CARDIOLOGY),2,2,2,2,2,2,2,2,2,2,2
Berkshire County,GENERAL PRACTICE,46,46,46,46,46,46,46,46,46,46,46
Berkshire County,PLASTIC AND RECONSTRUCTIVE SURGERY,16,16,16,16,16,16,16,16,16,16,16
Berkshire County,PHYSICAL MEDICINE AND REHABILITATION,8,8,8,8,8,8,8,8,8,8,8
Berkshire County,CHIROPRACTIC,8,8,8,8,8,8,8,8,8,8,8
Berkshire County,INTERNAL MEDICINE,4,4,4,4,4,4,4,4,4,4,4
Berkshire County,PHYSICAL THERAPY,4,4,4,4,4,4,4,4,4,4,4
Berkshire County,CLINICAL SOCIAL WORKER,4,4,4,4,4,4,4,4,4,4,4
Berkshire County,CLINICAL PSYCHOLOGIST,4,4,4,4,4,4,4,4,4,4,4
Berkshire County,NURSE PRACTITIONER,3,3,3,3,3,3,3,3,3,3,3
Berkshire County,OBSTETRICS/GYNECOLOGY,2,2,2,2,2,2,2,2,2,2,2
Berkshire County,FAMILY PRACTICE,2,2,2,2,2,2,2,2,2,2,2
Bristol County,GENERAL PRACTICE,668,668,668,668,668,668,668,668,668,668,668
Bristol County,NURSE PRACTITIONER,380,380,380,380,380,380,380,380,380,380,380
Bristol County,INTERNAL MEDICINE,293,293,293,293,293,293,293,293,293,293,293
Bristol County,PHYSICIAN ASSISTANT,258,258,258,258,258,258,258,258,258,258,258
Bristol County,FAMILY PRACTICE,216,216,216,216,216,216,216,216,216,216,216
Bristol County,PHYSICAL THERAPY,168,168,168,168,168,168,168,168,168,168,168
Bristol County,OPTOMETRY,126,126,126,126,126,126,126,126,126,126,126
Bristol County,CLINICAL PSYCHOLOGIST,120,120,120,120,120,120,120,120,120,120,120
Bristol County,CLINICAL SOCIAL WORKER,118,118,118,118,118,118,118,118,118,118,118
Bristol County,CHIROPRACTIC,116,116,116,116,116,116,116,116,116,116,116
Bristol County,CARDIOVASCULAR DISEASE (CARDIOLOGY),105,105,105,105,105,105,105,105,105,105,105
Bristol County,CERTIFIED REGISTERED NURSE ANESTHETIST,90,90,90,90,90,90,90,90,90,90,90
Bristol County,ORTHOPEDIC SURGERY,65,65,65,65,65,65,65,65,65,65,65
Bristol County,GASTROENTEROLOGY,60,60,60,60,60,60,60,60,60,60,60
Bristol County,ANESTHESIOLOGY,60,60,60,60,60,60,60,60,60,60,60
Bristol County,PULMONARY DISEASE,56,56,56,56,56,56,56,56,56,56,56
Bristol County,EMERGENCY MEDICINE,54,54,54,54,54,54,54,54,54,54,54
Bristol County,NEPHROLOGY,40,40,40,40,40,40,40,40,40,40,40
Bristol County,CARDIAC ELECTROPHYSIOLOGY,36,36,36,36,36,36,36,36,36,36,36
Bristol County,THORACIC SURGERY,31,31,31,31,31,31,31,31,31,31,31
Bristol County,ENDOCRINOLOGY,30,30,30,30,30,30,30,30,30,30,30
Bristol County,CLINICAL NURSE SPECIALIST,28,28,28,28,28,28,28,28,28,28,28
Bristol County,INTERVENTIONAL CARDIOLOGY,18,18,18,18,18,18,18,18,18,18,18
Bristol County,REGISTERED DIETITIAN OR NUTRITION PROFESSIONAL,18,18,18,18,18,18,18,18,18,18,18
Bristol County,PODIATRY,18,18,18,18,18,18,18,18,18,18,18
Bristol County,NEUROLOGY,16,16,16,16,16,16,16,16,16,16,16
Bristol County,DIAGNOSTIC RADIOLOGY,16,16,16,16,16,16,16,16,16,16,16
Bristol County,INFECTIOUS DISEASE,13,13,13,13,13,13,13,13,13,13,13
Bristol County,OBSTETRICS/GYNECOLOGY,13,13,13,13,13,13,13,13,13,13,13
Bristol County,DERMATOLOGY,12,12,12,12,12,12,12,12,12,12,12
Bristol County,UROLOGY,9,9,9,9,9,9,9,9,9,9,9
Bristol County,HEMATOLOGY/ONCOLOGY,9,9,9,9,9,9,9,9,9,9,9
Bristol County,RADIATION ONCOLOGY,9,9,9,9,9,9,9,9,9,9,9
Bristol County,PSYCHIATRY,8,8,8,8,8,8,8,8,8,8,8
Bristol County,OTOLARYNGOLOGY,8,8,8,8,8,8,8,8,8,8,8
Bristol County,VASCULAR SURGERY,8,8,8,8,8,8,8,8,8,8,8
Bristol County,SLEEP MEDICINE,4,4,4,4,4,4,4,4,4,4,4
Bristol County,CRITICAL CARE (INTENSIVISTS),4,4,4,4,4,4,4,4,4,4,4
Bristol County,AUDIOLOGIST,4,4,4,4,4,4,4,4,4,4,4
Bristol County,OPHTHALMOLOGY,4,4,4,4,4,4,4,4,4,4,4
Bristol County,OCCUPATIONAL THERAPY,3,3,3,3,3,3,3,3,3,3,3
Bristol County,ORAL SURGERY,2,2,2,2,2,2,2,2,2,2,2
Dukes County,GENERAL PRACTICE,15,15,15,15,15,15,15,15,15,15,15
Dukes County,OCCUPATIONAL THERAPY,5,5,5,5,5,5,5,5,5,5,5
Essex County,INTERNAL MEDICINE,1048,1048,1048,1048,1048,1048,1048,1048,1048,1048,1048
Essex County,NURSE PRACTITIONER,1045,1045,1045,1045,1045,1045,1045,1045,1045,1045,1045
Essex County,DIAGNOSTIC RADIOLOGY,716,716,716,716,716,716,716,716,716,716,716
Essex County,GENERAL PRACTICE,698,698,698,698,698,698,698,698,698,698,698
Essex County,PHYSICIAN ASSISTANT,485,485,485,485,485,485,485,485,485,485,485
Essex County,CLINICAL SOCIAL WORKER,472,472,472,472,472,472,472,472,472,472,472
Essex County,CARDIOVASCULAR DISEASE (CARDIOLOGY),375,375,375,375,375,375,375,375,375,375,375
Essex County,OPHTHALMOLOGY,375,375,375,375,375,375,375,375,375,375,375
Essex County,ANESTHESIOLOGY,351,351,351,351,351,351,351,351,351,351,351
Essex County,CERTIFIED REGISTERED NURSE ANESTHETIST,348,348,348,348,348,348,348,348,348,348,348
Essex County,NEUROLOGY,301,301,301,301,301,301,301,301,301,301,301
Essex County,GASTROENTEROLOGY,263,263,263,263,263,263,263,263,263,263,263
Essex County,PULMONARY DISEASE,251,251,251,251,251,251,251,251,251,251,251
Essex County,CLINICAL PSYCHOLOGIST,232,232,232,232,232,232,232,232,232,232,232
Essex County,HOSPITALIST,219,219,219,219,219,219,219,219,219,219,219
Essex County,FAMILY PRACTICE,190,190,190,190,190,190,190,190,190,190,190
Essex County,PSYCHIATRY,185,185,185,185,185,185,185,185,185,185,185
Essex County,PHYSICAL THERAPY,183,183,183,183,183,183,183,183,183,183,183
Essex County,HEMATOLOGY/ONCOLOGY,151,151,151,151,151,151,151,151,151,151,151
Essex County,GENERAL SURGERY,151,151,151,151,151,151,151,151,151,151,151
Essex County,OPTOMETRY,121,121,121,121,121,121,121,121,121,121,121
Essex County,PLASTIC AND RECONSTRUCTIVE SURGERY,116,116,116,116,116,116,116,116,116,116,116
Essex County,ENDOCRINOLOGY,112,112,112,112,112,112,112,112,112,112,112
Essex County,CHIROPRACTIC,108,108,108,108,108,108,108,108,108,108,108
Essex County,DERMATOLOGY,100,100,100,100,100,100,100,100,100,100,100
Essex County,UROLOGY,95,95,95,95,95,95,95,95,95,95,95
Essex County,OBSTETRICS/GYNECOLOGY,92,92,92,92,92,92,92,92,92,92,92
Essex County,HAND SURGERY,92,92,92,92,92,92,92,92,92,92,92
Essex County,ORTHOPEDIC SURGERY,92,92,92,92,92,92,92,92,92,92,92
Essex County,OTOLARYNGOLOGY,85,85,85,85,85,85,85,85,85,85,85
Essex County,EMERGENCY MEDICINE,83,83,83,83,83,83,83,83,83,83,83
Essex County,AUDIOLOGIST,82,82,82,82,82,82,82,82,82,82,82
Essex County,SPORTS MEDICINE,82,82,82,82,82,82,82,82,82,82,82
Essex County,COLORECTAL SURGERY (PROCTOLOGY),69,69,69,69,69,69,69,69,69,69,69
Essex County,CRITICAL CARE (INTENSIVISTS),66,66,66,66,66,66,66,66,66,66,66
Essex County,RHEUMATOLOGY,59,59,59,59,59,59,59,59,59,59,59
Essex County,NEUROSURGERY,59,59,59,59,59,59,59,59,59,59,59
Essex County,CLINICAL NURSE SPECIALIST,57,57,57,57,57,57,57,57,57,57,57
Essex County,PATHOLOGY,52,52,52,52,52,52,52,52,52,52,52
Essex County,ALLERGY/IMMUNOLOGY,49,49,49,49,49,49,49,49,49,49,49
Essex County,PAIN MANAGEMENT,46,46,46,46,46,46,46,46,46,46,46
Essex County,NEPHROLOGY,46,46,46,46,46,46,46,46,46,46,46
Essex County,THORACIC SURGERY,39,39,39,39,39,39,39,39,39,39,39
Essex County,CARDIAC ELECTROPHYSIOLOGY,36,36,36,36,36,36,36,36,36,36,36
Essex County,INTERVENTIONAL PAIN MANAGEMENT,36,36,36,36,36,36,36,36,36,36,36
Essex County,MEDICAL ONCOLOGY,26,26,26,26,26,26,26,26,26,26,26
Essex County,PODIATRY,23,23,23,23,23,23,23,23,23,23,23
Essex County,REGISTERED DIETITIAN OR NUTRITION PROFESSIONAL,23,23,23,23,23,23,23,23,23,23,23
Essex County,RADIATION ONCOLOGY,23,23,23,23,23,23,23,23,23,23,23
Essex County,HEMATOLOGY,23,23,23,23,23,23,23,23,23,23,23
Essex County,GYNECOLOGICAL ONCOLOGY,23,23,23,23,23,23,23,23,23,23,23
Essex County,INTERVENTIONAL CARDIOLOGY,23,23,23,23,23,23,23,23,23,23,23
Essex County,HOSPICE/PALLIATIVE CARE,23,23,23,23,23,23,23,23,23,23,23
Essex County,PEDIATRIC MEDICINE,16,16,16,16,16,16,16,16,16,16,16
Essex County,NUCLEAR MEDICINE,10,10,10,10,10,10,10,10,10,10,10
Franklin County,CLINICAL SOCIAL WORKER,190,190,190,190,190,190,190,190,190,190,190
Franklin County,GENERAL PRACTICE,45,45,45,45,45,45,45,45,45,45,45
Franklin County,CLINICAL NURSE SPECIALIST,30,30,30,30,30,30,30,30,30,30,30
Franklin County,MAXILLOFACIAL SURGERY,20,20,20,20,20,20,20,20,20,20,20
Franklin County,PSYCHIATRY,20,20,20,20,20,20,20,20,20,20,20
Franklin County,CLINICAL PSYCHOLOGIST,10,10,10,10,10,10,10,10,10,10,10
Franklin County,ORAL SURGERY,10,10,10,10,10,10,10,10,10,10,10
Hampden County,GENERAL PRACTICE,756,756,756,756,756,756,756,756,756,756,756
Hampden County,PHYSICIAN ASSISTANT,342,342,342,342,342,342,342,342,342,342,342
Hampden County,CLINICAL SOCIAL WORKER,230,230,230,230,230,230,230,230,230,230,230
Hampden County,FAMILY PRACTICE,219,219,219,219,219,219,219,219,219,219,219
Hampden County,NURSE PRACTITIONER,186,186,186,186,186,186,186,186,186,186,186
Hampden County,INTERNAL MEDICINE,171,171,171,171,171,171,171,171,171,171,171
Hampden County,EMERGENCY MEDICINE,155,155,155,155,155,155,155,155,155,155,155
Hampden County,PHYSICAL THERAPY,85,85,85,85,85,85,85,85,85,85,85
Hampden County,PHYSICAL MEDICINE AND REHABILITATION,72,72,72,72,72,72,72,72,72,72,72
Hampden County,CLINICAL PSYCHOLOGIST,68,68,68,68,68,68,68,68,68,68,68
Hampden County,PSYCHIATRY,65,65,65,65,65,65,65,65,65,65,65
Hampden County,CHIROPRACTIC,59,59,59,59,59,59,59,59,59,59,59
Hampden County,OPTOMETRY,52,52,52,52,52,52,52,52,52,52,52
Hampden County,GENERAL SURGERY,47,47,47,47,47,47,47,47,47,47,47
Hampden County,CERTIFIED NURSE MIDWIFE,34,34,34,34,34,34,34,34,34,34,34
Hampden County,CLINICAL NURSE SPECIALIST,26,26,26,26,26,26,26,26,26,26,26
Hampden County,NEUROLOGY,24,24,24,24,24,24,24,24,24,24,24
Hampden County,DIAGNOSTIC RADIOLOGY,15,15,15,15,15,15,15,15,15,15,15
Hampden County,CARDIOVASCULAR DISEASE (CARDIOLOGY),12,12,12,12,12,12,12,12,12,12,12
Hampden County,NEPHROLOGY,12,12,12,12,12,12,12,12,12,12,12
Hampden County,GASTROENTEROLOGY,12,12,12,12,12,12,12,12,12,12,12
Hampden County,ANESTHESIOLOGY,12,12,12,12,12,12,12,12,12,12,12
Hampden County,PODIATRY,12,12,12,12,12,12,12,12,12,12,12
Hampden County,OPHTHALMOLOGY,9,9,9,9,9,9,9,9,9,9,9
Hampshire County,GENERAL PRACTICE,108,108,108,108,108,108,108,108,108,108,108
Hampshire County,CLINICAL PSYCHOLOGIST,37,37,37,37,37,37,37,37,37,37,37
Hampshire County,CLINICAL SOCIAL WORKER,33,33,33,33,33,33,33,33,33,33,33
Hampshire County,OPTOMETRY,27,27,27,27,27,27,27,27,27,27,27
Hampshire County,CHIROPRACTIC,12,12,12,12,12,12,12,12,12,12,12
Hampshire County,PHYSICAL THERAPY,10,10,10,10,10,10,10,10,10,10,10
Hampshire County,INTERNAL MEDICINE,5,5,5,5,5,5,5,5,5,5,5
Hampshire County,DIAGNOSTIC RADIOLOGY,5,5,5,5,5,5,5,5,5,5,5
Hampshire County,NURSE PRACTITIONER,4,4,4,4,4,4,4,4,4,4,4
Hampshire County,FAMILY PRACTICE,3,3,3,3,3,3,3,3,3,3,3
Hampshire County,PEDIATRIC MEDICINE,1,1,1,1,1,1,1,1,1,1,1
Middlesex County,INTERNAL MEDICINE,2845,2845,2845,2845,2845,2845,2845,2845,2845,2845,2845
Middlesex County,GENERAL PRACTICE,2459,2459,2459,2459,2459,2459,2459,2459,2459,2459,2459
Middlesex County,NURSE PRACTITIONER,1590,1590,1590,1590,1590,1590,1590,1590,1590,1590,1590
Middlesex County,CLINICAL SOCIAL WORKER,894,894,894,894,894,894,894,894,894,894,894
Middlesex County,PHYSICIAN ASSISTANT,823,823,823,823,823,823,823,823,823,823,823
Middlesex County,DIAGNOSTIC RADIOLOGY,782,782,782,782,782,782,782,782,782,782,782
Middlesex County,CLINICAL PSYCHOLOGIST,742,742,742,742,742,742,742,742,742,742,742
Middlesex County,NEPHROLOGY,685,685,685,685,685,685,685,685,685,685,685
Middlesex County,NEUROLOGY,628,628,628,628,628,628,628,628,628,628,628
Middlesex County,PHYSICAL THERAPY,568,568,568,568,568,568,568,568,568,568,568
Middlesex County,GASTROENTEROLOGY,547,547,547,547,547,547,547,547,547,547,547
Middlesex County,OBSTETRICS/GYNECOLOGY,527,527,527,527,527,527,527,527,527,527,527
Middlesex County,CARDIOVASCULAR DISEASE (CARDIOLOGY),482,482,482,482,482,482,482,482,482,482,482
Middlesex County,PSYCHIATRY,449,449,449,449,449,449,449,449,449,449,449
Middlesex County,FAMILY PRACTICE,361,361,361,361,361,361,361,361,361,361,361
Middlesex County,EMERGENCY MEDICINE,312,312,312,312,312,312,312,312,312,312,312
Middlesex County,OPTOMETRY,303,303,303,303,303,303,303,303,303,303,303
Middlesex County,ORTHOPEDIC SURGERY,286,286,286,286,286,286,286,286,286,286,286
Middlesex County,ENDOCRINOLOGY,270,270,270,270,270,270,270,270,270,270,270
Middlesex County,OPHTHALMOLOGY,228,228,228,228,228,228,228,228,228,228,228
Middlesex County,OTOLARYNGOLOGY,226,226,226,226,226,226,226,226,226,226,226
Middlesex County,PULMONARY DISEASE,219,219,219,219,219,219,219,219,219,219,219
Middlesex County,SPORTS MEDICINE,216,216,216,216,216,216,216,216,216,216,216
Middlesex County,PHYSICAL MEDICINE AND REHABILITATION,216,216,216,216,216,216,216,216,216,216,216
Middlesex County,CHIROPRACTIC,211,211,211,211,211,211,211,211,211,211,211
Middlesex County,GERIATRIC MEDICINE,192,192,192,192,192,192,192,192,192,192,192
Middlesex County,DERMATOLOGY,178,178,178,178,178,178,178,178,178,178,178
Middlesex County,RHEUMATOLOGY,156,156,156,156,156,156,156,156,156,156,156
Middlesex County,PATHOLOGY,146,146,146,146,146,146,146,146,146,146,146
Middlesex County,INFECTIOUS DISEASE,143,143,143,143,143,143,143,143,143,143,143
Middlesex County,CLINICAL NURSE SPECIALIST,126,126,126,126,126,126,126,126,126,126,126
Middlesex County,AUDIOLOGIST,123,123,123,123,123,123,123,123,123,123,123
Middlesex County,HEMATOLOGY/ONCOLOGY,111,111,111,111,111,111,111,111,111,111,111
Middlesex County,ALLERGY/IMMUNOLOGY,110,110,110,110,110,110,110,110,110,110,110
Middlesex County,GENERAL SURGERY,106,106,106,106,106,106,106,106,106,106,106
Middlesex County,PODIATRY,81,81,81,81,81,81,81,81,81,81,81
Middlesex County,UROLOGY,63,63,63,63,63,63,63,63,63,63,63
Middlesex County,OCCUPATIONAL THERAPY,62,62,62,62,62,62,62,62,62,62,62
Middlesex County,CRITICAL CARE (INTENSIVISTS),60,60,60,60,60,60,60,60,60,60,60
Middlesex County,REGISTERED DIETITIAN OR NUTRITION PROFESSIONAL,55,55,55,55,55,55,55,55,55,55,55
Middlesex County,HAND SURGERY,55,55,55,55,55,55,55,55,55,55,55
Middlesex County,PEDIATRIC MEDICINE,54,54,54,54,54,54,54,54,54,54,54
Middlesex County,ORAL SURGERY,39,39,39,39,39,39,39,39,39,39,39
Middlesex County,RADIATION ONCOLOGY,36,36,36,36,36,36,36,36,36,36,36
Middlesex County,GYNECOLOGICAL ONCOLOGY,36,36,36,36,36,36,36,36,36,36,36
Middlesex County,CARDIAC ELECTROPHYSIOLOGY,28,28,28,28,28,28,28,28,28,28,28
Middlesex County,VASCULAR SURGERY,28,28,28,28,28,28,28,28,28,28,28
Middlesex County,NEUROSURGERY,18,18,18,18,18,18,18,18,18,18,18
Middlesex County,PLASTIC AND RECONSTRUCTIVE SURGERY,13,13,13,13,13,13,13,13,13,13,13
Middlesex County,HOSPITALIST,8,8,8,8,8,8,8,8,8,8,8
Middlesex County,MAXILLOFACIAL SURGERY,6,6,6,6,6,6,6,6,6,6,6
Nantucket County,GENERAL PRACTICE,6,6,6,6,6,6,6,6,6,6,6
Norfolk County,GENERAL PRACTICE,1020,1020,1020,1020,1020,1020,1020,1020,1020,1020,1020
Norfolk County,NURSE PRACTITIONER,607,607,607,607,607,607,607,607,607,607,607
Norfolk County,INTERNAL MEDICINE,369,369,369,369,369,369,369,369,369,369,369
Norfolk County,CLINICAL SOCIAL WORKER,303,303,303,303,303,303,303,303,303,303,303
Norfolk County,CLINICAL PSYCHOLOGIST,262,262,262,262,262,262,262,262,262,262,262
Norfolk County,ANESTHESIOLOGY,229,229,229,229,229,229,229,229,229,229,229
Norfolk County,DIAGNOSTIC RADIOLOGY,166,166,166,166,166,166,166,166,166,166,166
Norfolk County,PHYSICAL THERAPY,164,164,164,164,164,164,164,164,164,164,164
Norfolk County,PHYSICIAN ASSISTANT,115,115,115,115,115,115,115,115,115,115,115
Norfolk County,FAMILY PRACTICE,112,112,112,112,112,112,112,112,112,112,112
Norfolk County,PODIATRY,100,100,100,100,100,100,100,100,100,100,100
Norfolk County,OPTOMETRY,88,88,88,88,88,88,88,88,88,88,88
Norfolk County,CERTIFIED REGISTERED NURSE ANESTHETIST,86,86,86,86,86,86,86,86,86,86,86
Norfolk County,DERMATOLOGY,77,77,77,77,77,77,77,77,77,77,77
Norfolk County,PSYCHIATRY,64,64,64,64,64,64,64,64,64,64,64
Norfolk County,OPHTHALMOLOGY,62,62,62,62,62,62,62,62,62,62,62
Norfolk County,OBSTETRICS/GYNECOLOGY,48,48,48,48,48,48,48,48,48,48,48
Norfolk County,PLASTIC AND RECONSTRUCTIVE SURGERY,48,48,48,48,48,48,48,48,48,48,48
Norfolk County,NEUROLOGY,40,40,40,40,40,40,40,40,40,40,40
Norfolk County,CHIROPRACTIC,37,37,37,37,37,37,37,37,37,37,37
Norfolk County,GERIATRIC MEDICINE,29,29,29,29,29,29,29,29,29,29,29
Norfolk County,THORACIC SURGERY,26,26,26,26,26,26,26,26,26,26,26
Norfolk County,NUCLEAR MEDICINE,20,20,20,20,20,20,20,20,20,20,20
Norfolk County,CERTIFIED NURSE MIDWIFE,20,20,20,20,20,20,20,20,20,20,20
Norfolk County,CARDIOVASCULAR DISEASE (CARDIOLOGY),18,18,18,18,18,18,18,18,18,18,18
Norfolk County,MAXILLOFACIAL SURGERY,18,18,18,18,18,18,18,18,18,18,18
Norfolk County,GASTROENTEROLOGY,16,16,16,16,16,16,16,16,16,16,16
Norfolk County,HOSPITALIST,9,9,9,9,9,9,9,9,9,9,9
Norfolk County,PATHOLOGY,9,9,9,9,9,9,9,9,9,9,9
Norfolk County,PULMONARY DISEASE,9,9,9,9,9,9,9,9,9,9,9
Norfolk County,UROLOGY,9,9,9,9,9,9,9,9,9,9,9
Norfolk County,CLINICAL NURSE SPECIALIST,6,6,6,6,6,6,6,6,6,6,6
Norfolk County,GERIATRIC PSYCHIATRY,6,6,6,6,6,6,6,6,6,6,6
Norfolk County,HOSPICE/PALLIATIVE CARE,6,6,6,6,6,6,6,6,6,6,6
Norfolk County,NEPHROLOGY,6,6,6,6,6,6,6,6,6,6,6
Norfolk County,NEUROPSYCHIATRY,6,6,6,6,6,6,6,6,6,6,6
Norfolk County,ORAL SURGERY,6,6,6,6,6,6,6,6,6,6,6
Norfolk County,PHYSICAL MEDICINE AND REHABILITATION,6,6,6,6,6,6,6,6,6,6,6
Norfolk County,GENERAL SURGERY,4,4,4,4,4,4,4,4,4,4,4
Norfolk County,REGISTERED DIETITIAN OR NUTRITION PROFESSIONAL,4,4,4,4,4,4,4,4,4,4,4
Norfolk County,ALLERGY/IMMUNOLOGY,3,3,3,3,3,3,3,3,3,3,3
Norfolk County,RHEUMATOLOGY,3,3,3,3,3,3,3,3,3,3,3
Norfolk County,OCCUPATIONAL THERAPY,3,3,3,3,3,3,3,3,3,3,3
Norfolk County,ENDOCRINOLOGY,3,3,3,3,3,3,3,3,3,3,3
Norfolk County,AUDIOLOGIST,2,2,2,2,2,2,2,2,2,2,2
Norfolk County,SPEECH LANGUAGE PATHOLOGIST,2,2,2,2,2,2,2,2,2,2,2
Plymouth County,GENERAL PRACTICE,265,265,265,265,265,265,265,265,265,265,265
Plymouth County,NURSE PRACTITIONER,174,174,174,174,174,174,174,174,174,174,174
Plymouth County,INTERNAL MEDICINE,111,111,111,111,111,111,111,111,111,111,111
Plymouth County,FAMILY PRACTICE,78,78,78,78,78,78,78,78,78,78,78
Plymouth County,PHYSICAL THERAPY,74,74,74,74,74,74,74,74,74,74,74
Plymouth County,CLINICAL SOCIAL WORKER,41,41,41,41,41,41,41,41,41,41,41
Plymouth County,PHYSICIAN ASSISTANT,38,38,38,38,38,38,38,38,38,38,38
Plymouth County,PULMONARY DISEASE,31,31,31,31,31,31,31,31,31,31,31
Plymouth County,NEPHROLOGY,28,28,28,28,28,28,28,28,28,28,28
Plymouth County,PSYCHIATRY,26,26,26,26,26,26,26,26,26,26,26
Plymouth County,OPHTHALMOLOGY,24,24,24,24,24,24,24,24,24,24,24
Plymouth County,DERMATOLOGY,24,24,24,24,24,24,24,24,24,24,24
Plymouth County,EMERGENCY MEDICINE,22,22,22,22,22,22,22,22,22,22,22
Plymouth County,CHIROPRACTIC,20,20,20,20,20,20,20,20,20,20,20
Plymouth County,PODIATRY,14,14,14,14,14,14,14,14,14,14,14
Plymouth County,REGISTERED DIETITIAN OR NUTRITION PROFESSIONAL,14,14,14,14,14,14,14,14,14,14,14
Plymouth County,GENERAL SURGERY,12,12,12,12,12,12,12,12,12,12,12
Plymouth County,HEMATOLOGY/ONCOLOGY,12,12,12,12,12,12,12,12,12,12,12
Plymouth County,CARDIOVASCULAR DISEASE (CARDIOLOGY),12,12,12,12,12,12,12,12,12,12,12
Plymouth County,HOSPITALIST,12,12,12,12,12,12,12,12,12,12,12
Plymouth County,NEUROLOGY,12,12,12,12,12,12,12,12,12,12,12
Plymouth County,RHEUMATOLOGY,12,12,12,12,12,12,12,12,12,12,12
Plymouth County,OPTOMETRY,12,12,12,12,12,12,12,12,12,12,12
Plymouth County,PEDIATRIC MEDICINE,8,8,8,8,8,8,8,8,8,8,8
Plymouth County,CLINICAL PSYCHOLOGIST,4,4,4,4,4,4,4,4,4,4,4
Plymouth County,CLINICAL NURSE SPECIALIST,4,4,4,4,4,4,4,4,4,4,4
Plymouth County,PLASTIC AND RECONSTRUCTIVE SURGERY,4,4,4,4,4,4,4,4,4,4,4
Plymouth County,OBSTETRICS/GYNECOLOGY,4,4,4,4,4,4,4,4,4,4,4
Plymouth County,ANESTHESIOLOGY,4,4,4,4,4,4,4,4,4,4,4
Plymouth County,NEUROPSYCHIATRY,2,2,2,2,2,2,2,2,2,2,2
Suffolk County,PHYSICIAN ASSISTANT,3712,3712,3712,3712,3712,3712,3712,3712,3712,3712,3712
Suffolk County,GENERAL PRACTICE,3249,3249,3249,3249,3249,3249,3249,3249,3249,3249,3249
Suffolk County,DIAGNOSTIC RADIOLOGY,2088,2088,2088,2088,2088,2088,2088,2088,2088,2088,2088
Suffolk County,PHYSICAL THERAPY,1644,1644,1644,1644,1644,1644,1644,1644,1644,1644,1644
Suffolk County,ANESTHESIOLOGY,1160,1160,1160,1160,1160,1160,1160,1160,1160,1160,1160
Suffolk County,CERTIFIED REGISTERED NURSE ANESTHETIST,464,464,464,464,464,464,464,464,464,464,464
Suffolk County,NUCLEAR MEDICINE,232,232,232,232,232,232,232,232,232,232,232
Suffolk County,OTOLARYNGOLOGY,232,232,232,232,232,232,232,232,232,232,232
Suffolk County,INTERNAL MEDICINE,152,152,152,152,152,152,152,152,152,152,152
Suffolk County,CHIROPRACTIC,134,134,134,134,134,134,134,134,134,134,134
Suffolk County,CLINICAL SOCIAL WORKER,122,122,122,122,122,122,122,122,122,122,122
Suffolk County,PAIN MANAGEMENT,116,116,116,116,116,116,116,116,116,116,116
Suffolk County,PSYCHIATRY,54,54,54,54,54,54,54,54,54,54,54
Suffolk County,NURSE PRACTITIONER,42,42,42,42,42,42,42,42,42,42,42
Suffolk County,FAMILY PRACTICE,36,36,36,36,36,36,36,36,36,36,36
Suffolk County,OPTOMETRY,27,27,27,27,27,27,27,27,27,27,27
Suffolk County,OBSTETRICS/GYNECOLOGY,18,18,18,18,18,18,18,18,18,18,18
Suffolk County,OPHTHALMOLOGY,12,12,12,12,12,12,12,12,12,12,12
Suffolk County,ORTHOPEDIC SURGERY,12,12,12,12,12,12,12,12,12,12,12
Suffolk County,CLINICAL PSYCHOLOGIST,6,6,6,6,6,6,6,6,6,6,6
Suffolk County,CLINICAL NURSE SPECIALIST,6,6,6,6,6,6,6,6,6,6,6
Suffolk County,PODIATRY,2,2,2,2,2,2,2,2,2,2,2
Suffolk County,GENERAL SURGERY,1,1,1,1,1,1,1,1,1,1,1
Worcester County,FAMILY PRACTICE,1812,1812,1812,1812,1812,1812,1812,1812,1812,1812,1812
Worcester County,GENERAL PRACTICE,966,966,966,966,966,966,966,966,966,966,966
Worcester County,NURSE PRACTITIONER,365,365,365,365,365,365,365,365,365,365,365
Worcester County,PHYSICIAN ASSISTANT,324,324,324,324,324,324,324,324,324,324,324
Worcester County,CERTIFIED REGISTERED NURSE ANESTHETIST,317,317,317,317,317,317,317,317,317,317,317
Worcester County,PATHOLOGY,303,303,303,303,303,303,303,303,303,303,303
Worcester County,INTERNAL MEDICINE,273,273,273,273,273,273,273,273,273,273,273
Worcester County,OPHTHALMOLOGY,252,252,252,252,252,252,252,252,252,252,252
Worcester County,DIAGNOSTIC RADIOLOGY,251,251,251,251,251,251,251,251,251,251,251
Worcester County,ANESTHESIOLOGY,221,221,221,221,221,221,221,221,221,221,221
Worcester County,CLINICAL SOCIAL WORKER,218,218,218,218,218,218,218,218,218,218,218
Worcester County,GASTROENTEROLOGY,217,217,217,217,217,217,217,217,217,217,217
Worcester County,OPTOMETRY,151,151,151,151,151,151,151,151,151,151,151
Worcester County,CLINICAL PSYCHOLOGIST,129,129,129,129,129,129,129,129,129,129,129
Worcester County,EMERGENCY MEDICINE,106,106,106,106,106,106,106,106,106,106,106
Worcester County,RADIATION ONCOLOGY,84,84,84,84,84,84,84,84,84,84,84
Worcester County,CHIROPRACTIC,82,82,82,82,82,82,82,82,82,82,82
Worcester County,PSYCHIATRY,75,75,75,75,75,75,75,75,75,75,75
Worcester County,PHYSICAL THERAPY,71,71,71,71,71,71,71,71,71,71,71
Worcester County,OBSTETRICS/GYNECOLOGY,64,64,64,64,64,64,64,64,64,64,64
Worcester County,ADDICTION MEDICINE,62,62,62,62,62,62,62,62,62,62,62
Worcester County,PODIATRY,32,32,32,32,32,32,32,32,32,32,32
Worcester County,PLASTIC AND RECONSTRUCTIVE SURGERY,31,31,31,31,31,31,31,31,31,31,31
Worcester County,HEMATOLOGY/ONCOLOGY,24,24,24,24,24,24,24,24,24,24,24
Worcester County,GENERAL SURGERY,24,24,24,24,24,24,24,24,24,24,24
Worcester County,CARDIOVASCULAR DISEASE (CARDIOLOGY),24,24,24,24,24,24,24,24,24,24,24
Worcester County,PULMONARY DISEASE,24,24,24,24,24,24,24,24,24,24,24
Worcester County,SPEECH LANGUAGE PATHOLOGIST,14,14,14,14,14,14,14,14,14,14,14
Worcester County,INFECTIOUS DISEASE,12,12,12,12,12,12,12,12,12,12,12
Worcester County,ORTHOPEDIC SURGERY,12,12,12,12,12,12,12,12,12,12,12
Worcester County,VASCULAR SURGERY,10,10,10,10,10,10,10,10,10,10,10
Worcester County,CLINICAL NURSE SPECIALIST,7,7,7,7,7,7,7,7,7,7,7
